0069,
0074,
0076,
0085,
0089,
0108,
0111,
0122,
0127,
0129,
0136,
0152,
0157,
0161,
0163,
0181,
0185,
0186,
0191,
0209,0
0237,
0240,
0241,
0242,
0261,
0277,
0280,
0285,
0292,
0302,
0304,
0309,
0311,
0327,1
0343,
0375,
0381,3,3
0391,
0399,
0403,
0406,
0415,
0430,
0432,
0433,5,7
0451,
0456,
0459,
0470,
0471,811
0474,
0484,
0503,
0506,650
0518,4,23507
0531,
0533,
0535,
0545,
0555,02
0556,
0558,9
0559,
0567,
0570,
0571,
0583,
0587,
0618,
0638,140
0654,
0668,
0689,
0695,
0697,
0701,
0721,
0722,
0725,
0726,
0730,
0749,
0750,
0755,
0762,
0772,
0784,
0808,
0814,
0820,83375
0825,
0830,
0852,
0854,
0856,
0877,
0889,
0899,
0900,
0913,
0969,
0990,
0999,
1030,
1047,
1063,
1064,
1074,
1082,
1087,
1088,
1091,
1100,
1101,
1121,
1133,
1137,
1143,
1155,4
1157,
1158,
1182,
1205,
1207,
1215,
1223,
1229,
1254,8273
1265,
1270,
1294,
1308,
1309,
1315,617
1321,
1322,
1324,
1330,
1336,
1346,
1352,70
1370,
1381,
1385,
1386,7
1395,
1401,
1407,
1408,
1414,
1421,
1442,84954
1448,
1449,55
1451,
1454,
1472,
1478,
1491,
1505,
1556,
1565,
1569,
1589,
1593,
1596,81
1601,
1615,
1619,
1628,
1639,764
1643,
1651,
1671,
1672,
1682,
1685,
1688,
1689,
1698,
1737,
1738,
1742,
1762,707
1767,025
1769,
1783,
1784,
1789,
1810,
1818,
1824,
1830,
1838,
1840,43
1888,
1890,
1900,
1917,
1918,
1927,
1929,
1937,
1941,
1944,
1947,
1969,
1972,
1975,
1977,
1990,77278,5
2011,
2018,
2019,
2024,
2048,
2057,
2059,
2062,
2064,
2069,
2080,
2085,
2095,
2102,
2114,
2120,
2129,
2132,2,2372
2134,
2153,
2154,
2163,2
2183,
2195,
2206,
2210,
2221,
2225,
2229,
2232,
2237,
2240,
2242,
2277,
2295,
2301,
2307,
2333,
2335,
2345,
2347,45
2360,
2363,
2366,2
2374,
2401,
2427,
2468,
2470,
2472,
2501,7
2503,
2514,
2519,5
2525,
2532,
2546,
2552,
2559,
2569,
2574,
2585,
2587,
2596,
2597,
2605,
2608,
2650,
2704,
2724,
2726,694
2749,
2756,
2762,
2768,5
2775,
2783,
2785,2
2794,
2796,13
2802,
2814,
2853,
2878,
2890,
2892,
2939,
2941,
2945,
2968,
3002,
3014,
3026,
3049,
3050,
3073,
3096,7,8,57
3149,688
3158,7,9
3163,
3170,
3183,
3185,
3200,
3209,
3220,
3245,
3275,
3285,
3304,
3326,
3353,
3363,04
3365,
3367,
3369,
3387,
3388,
3396,
3399,
3402,
3406,332
3434,
3455,7
3457,6,7
3459,
3490,
3512,
3516,
3529,
3548,
3551,
3552,
3562,
3566,9220205
3570,731
3609,
3637,
3647,
3655,
3673,
3687,
3718,
3733,
3735,
3744,
3755,
3775,
3818,
3873,
3924,
3936,
3941,
3973,
3982,0
4010,
4012,
4015,
4020,
4021,
4046,
4083,
4087,
4094,
4095,
4106,
4122,
4134,
4141,
4147,
4150,
4163,
4169,
4171,
4206,
4217,
4229,
4234,
4254,
4255,
4283,
4286,
4296,
4312,
4328,
4341,
4357,
4360,
4362,
4373,
4378,
4379,
4381,
4383,
4396,
4409,
4413,
4442,
4458,338,49
4461,7,954
4467,
4474,
4485,
4489,
4496,
4506,
4538,
4545,
4563,
4592,
4600,
4614,8,53
4624,
4647,
4677,
4684,
4691,
4697,
4716,
4720,
4722,
4736,
4738,
4745,73
4746,
4750,
4752,
4754,
4776,
4784,
4815,
4821,
4824,
4836,
4860,
4875,5,46
4880,
4885,
4901,
4910,
4915,
4923,
4930,
4945,
4957,
4972,
4974,
4977,
4992,
4997,
